	stId
0	R-HSA-73857
1	R-HSA-212436
2	R-HSA-9675108
3	R-HSA-418555
4	R-HSA-418594
5	R-HSA-5663202
6	R-HSA-6798695
7	R-HSA-983169
8	R-HSA-373076
9	R-HSA-194315
10	R-HSA-381753
11	R-HSA-446203
12	R-HSA-5668914
13	R-HSA-1474244
14	R-HSA-1257604
15	R-HSA-198933
16	R-HSA-983168
17	R-HSA-9607240
18	R-HSA-211945
19	R-HSA-9662851
20	R-HSA-9664433
21	R-HSA-5673001
22	R-HSA-5688426
23	R-HSA-416476
24	R-HSA-5619115
25	R-HSA-69620
26	R-HSA-9609646
27	R-HSA-162906
28	R-HSA-8878171
29	R-HSA-156580
30	R-HSA-202733
31	R-HSA-72203
32	R-HSA-4839726
33	R-HSA-3247509
34	R-HSA-8939211
35	R-HSA-196849
36	R-HSA-877300
37	R-HSA-2555396
38	R-HSA-68882
39	R-HSA-72312
40	R-HSA-8951664
41	R-HSA-376176
42	R-HSA-2454202
43	R-HSA-1428517
44	R-HSA-112314
45	R-HSA-1483206
46	R-HSA-6805567
47	R-HSA-948021
48	R-HSA-6811442
49	R-HSA-201681
50	R-HSA-9609690
51	R-HSA-453274
52	R-HSA-69275
53	R-HSA-68877
54	R-HSA-6785807
55	R-HSA-375276
56	R-HSA-5617833
57	R-HSA-983712
58	R-HSA-5689880
59	R-HSA-5621481
60	R-HSA-3781865
61	R-HSA-168255
62	R-HSA-72172
63	R-HSA-2467813
64	R-HSA-983231
65	R-HSA-2029480
66	R-HSA-2990846
67	R-HSA-983705
68	R-HSA-6791226
69	R-HSA-1236975
70	R-HSA-72163
71	R-HSA-5619102
72	R-HSA-211897
73	R-HSA-168898
74	R-HSA-909733
75	R-HSA-9010553
76	R-HSA-1630316
77	R-HSA-2408522
78	R-HSA-69242
79	R-HSA-162587
80	R-HSA-400206
81	R-HSA-168273
82	R-HSA-2871837
83	R-HSA-9610379
84	R-HSA-1989781
85	R-HSA-453279
86	R-HSA-5576891
87	R-HSA-6807070
88	R-HSA-2187338
89	R-HSA-2173782
90	R-HSA-3858494
91	R-HSA-2142753
92	R-HSA-1236974
93	R-HSA-425393
94	R-HSA-425366
95	R-HSA-446652
96	R-HSA-162599
97	R-HSA-8856828
98	R-HSA-9660821
99	R-HSA-446193
100	R-HSA-2029482
101	R-HSA-428157
102	R-HSA-9664407
103	R-HSA-9664422
104	R-HSA-9664417
105	R-HSA-166658
106	R-HSA-381119
107	R-HSA-9018519
108	R-HSA-69481
109	R-HSA-69206
110	R-HSA-1632852
111	R-HSA-162909
112	R-HSA-163200
113	R-HSA-5663220
114	R-HSA-2132295
115	R-HSA-8856688
116	R-HSA-1474228
117	R-HSA-202403
118	R-HSA-8878166
119	R-HSA-163685
120	R-HSA-76005
121	R-HSA-194840
122	R-HSA-166016
123	R-HSA-187037
124	R-HSA-9664323
125	R-HSA-70326
126	R-HSA-977606
127	R-HSA-8956319
128	R-HSA-6809371
129	R-HSA-114608
130	R-HSA-194138
131	R-HSA-3371556
132	R-HSA-68875
133	R-HSA-9635486
134	R-HSA-2500257
135	R-HSA-199418
136	R-HSA-2219528
137	R-HSA-69239
138	R-HSA-5173105
139	R-HSA-446219
140	R-HSA-72613
141	R-HSA-72737
142	R-HSA-373760
143	R-HSA-2871809
144	R-HSA-2029485
145	R-HSA-381426
146	R-HSA-1592230
147	R-HSA-4420097
148	R-HSA-6811558
149	R-HSA-5628897
150	R-HSA-927802
151	R-HSA-975957
152	R-HSA-202424
153	R-HSA-5610787
154	R-HSA-5693567
155	R-HSA-2871796
156	R-HSA-418346
157	R-HSA-6803157
158	R-HSA-382556
159	R-HSA-9648025
160	R-HSA-194068
161	R-HSA-72706
162	R-HSA-156827
163	R-HSA-5607764
164	R-HSA-2672351
165	R-HSA-166663
166	R-HSA-1799339
167	R-HSA-5696398
168	R-HSA-8878159
169	R-HSA-211000
170	R-HSA-5617472
171	R-HSA-611105
172	R-HSA-9633012
173	R-HSA-8856825
174	R-HSA-163125
175	R-HSA-442755
176	R-HSA-192823
177	R-HSA-181438
178	R-HSA-168179
179	R-HSA-2559580
180	R-HSA-3371453
181	R-HSA-2408557
182	R-HSA-1912422
183	R-HSA-111885
184	R-HSA-1483255
185	R-HSA-168188
186	R-HSA-166058
187	R-HSA-192105
188	R-HSA-166786
189	R-HSA-69618
190	R-HSA-3214847
191	R-HSA-70171
192	R-HSA-9614085
193	R-HSA-9009391
194	R-HSA-8957275
195	R-HSA-9020702
196	R-HSA-193704
197	R-HSA-381340
198	R-HSA-425397
199	R-HSA-6807878
200	R-HSA-6811434
201	R-HSA-166166
202	R-HSA-937061
203	R-HSA-168138
204	R-HSA-1296071
205	R-HSA-2730905
206	R-HSA-72689
207	R-HSA-72764
208	R-HSA-391251
209	R-HSA-5687128
210	R-HSA-8939236
211	R-HSA-422356
212	R-HSA-2168880
213	R-HSA-77289
214	R-HSA-5668541
215	R-HSA-400253
216	R-HSA-168181
217	R-HSA-975155
218	R-HSA-2219530
219	R-HSA-983695
220	R-HSA-2029481
221	R-HSA-983170
222	R-HSA-5368287
223	R-HSA-156842
224	R-HSA-168164
225	R-HSA-975138
226	R-HSA-975956
227	R-HSA-2682334
228	R-HSA-381070
229	R-HSA-390466
230	R-HSA-8986944
231	R-HSA-5620912
232	R-HSA-4086400
233	R-HSA-5619084
234	R-HSA-373080
235	R-HSA-112310
236	R-HSA-5689603
237	R-HSA-174824
238	R-HSA-71406
239	R-HSA-156902
240	R-HSA-380320
241	R-HSA-388841
242	R-HSA-74752
243	R-HSA-173623
244	R-HSA-5368286
245	R-HSA-438064
246	R-HSA-447115
247	R-HSA-168928
248	R-HSA-6804756
249	R-HSA-381038
250	R-HSA-141424
251	R-HSA-141444
252	R-HSA-8876198
253	R-HSA-5419276
254	R-HSA-5389840
255	R-HSA-168142
256	R-HSA-168176
257	R-HSA-975871
258	R-HSA-6807505
259	R-HSA-446728
260	R-HSA-1226099
261	R-HSA-1614635
262	R-HSA-450531
263	R-HSA-1168372
264	R-HSA-420499
265	R-HSA-69052
266	R-HSA-5696399
267	R-HSA-2565942
268	R-HSA-9013694
269	R-HSA-5632684
270	R-HSA-195253
271	R-HSA-72202
272	R-HSA-174143
273	R-HSA-453276
274	R-HSA-69656
275	R-HSA-5693607
276	R-HSA-2559582
277	R-HSA-1483249
278	R-HSA-390918
279	R-HSA-6796648
280	R-HSA-6802957
281	R-HSA-9663891
282	R-HSA-73864
283	R-HSA-1912408
284	R-HSA-157579
285	R-HSA-9018677
286	R-HSA-674695
287	R-HSA-69002
288	R-HSA-69202
289	R-HSA-6806834
290	R-HSA-2995410
291	R-HSA-5654738
292	R-HSA-977225
293	R-HSA-1638091
294	R-HSA-5579029
295	R-HSA-375280
296	R-HSA-2151201
297	R-HSA-73854
298	R-HSA-216083
299	R-HSA-1655829
300	R-HSA-186797
301	R-HSA-383280
302	R-HSA-6783783
303	R-HSA-1660662
304	R-HSA-6781827
305	R-HSA-1234174
306	R-HSA-416482
307	R-HSA-170834
308	R-HSA-9024446
309	R-HSA-8852135
310	R-HSA-9020591
311	R-HSA-1980143
312	R-HSA-196807
313	R-HSA-380287
314	R-HSA-1169408
315	R-HSA-8852276
316	R-HSA-8939902
317	R-HSA-5633008
318	R-HSA-917937
319	R-HSA-1236977
320	R-HSA-176408
321	R-HSA-1236394
322	R-HSA-1222556
323	R-HSA-3108214
324	R-HSA-159236
325	R-HSA-380270
326	R-HSA-167172
327	R-HSA-5578749
328	R-HSA-69473
329	R-HSA-4086398
330	R-HSA-499943
331	R-HSA-5663084
332	R-HSA-199992
333	R-HSA-204998
334	R-HSA-198725
335	R-HSA-351202
336	R-HSA-427413
337	R-HSA-5625740
338	R-HSA-3000178
339	R-HSA-1445148
340	R-HSA-975634
341	R-HSA-1660661
342	R-HSA-75105
343	R-HSA-8936459
344	R-HSA-3906995
345	R-HSA-1227986
346	R-HSA-204005
347	R-HSA-448424
348	R-HSA-1834949
349	R-HSA-176814
350	R-HSA-1650814
351	R-HSA-193368
352	R-HSA-176409
353	R-HSA-211981
354	R-HSA-69017
355	R-HSA-8854518
356	R-HSA-8948751
357	R-HSA-5693606
358	R-HSA-74259
359	R-HSA-179419
360	R-HSA-8950505
361	R-HSA-68949
362	R-HSA-6802952
363	R-HSA-2404192
364	R-HSA-1793185
365	R-HSA-913709
366	R-HSA-189445
367	R-HSA-174184
368	R-HSA-174178
369	R-HSA-69615
370	R-HSA-1169091
371	R-HSA-1234176
372	R-HSA-5685942
373	R-HSA-5358346
374	R-HSA-112040
375	R-HSA-168325
376	R-HSA-74751
377	R-HSA-2428924
378	R-HSA-5362517
379	R-HSA-389661
380	R-HSA-191273
381	R-HSA-156584
382	R-HSA-5690714
383	R-HSA-1222499
384	R-HSA-5658442
385	R-HSA-380284
386	R-HSA-380259
387	R-HSA-6790901
388	R-HSA-112043
389	R-HSA-8848021
390	R-HSA-936837
391	R-HSA-9616222
392	R-HSA-2559586
393	R-HSA-69580
394	R-HSA-69563
395	R-HSA-6784531
396	R-HSA-8943724
397	R-HSA-373755
398	R-HSA-2426168
399	R-HSA-3371497
400	R-HSA-375165
401	R-HSA-168643
402	R-HSA-6782315
403	R-HSA-196071
404	R-HSA-211976
405	R-HSA-1268020
406	R-HSA-450294
407	R-HSA-1442490
408	R-HSA-1660499
409	R-HSA-2428928
410	R-HSA-163841
411	R-HSA-68867
412	R-HSA-6782135
413	R-HSA-8873719
414	R-HSA-983189
415	R-HSA-2644603
416	R-HSA-2644602
417	R-HSA-2644606
418	R-HSA-2894858
419	R-HSA-2894862
420	R-HSA-379724
421	R-HSA-352230
422	R-HSA-8956321
423	R-HSA-174154
424	R-HSA-73856
425	R-HSA-9033241
426	R-HSA-5678895
427	R-HSA-2022090
428	R-HSA-421270
429	R-HSA-977443
430	R-HSA-201722
431	R-HSA-156590
432	R-HSA-186712
433	R-HSA-72662
434	R-HSA-6782210
435	R-HSA-4608870
436	R-HSA-75955
437	R-HSA-194441
438	R-HSA-191859
439	R-HSA-5607761
440	R-HSA-9029569
441	R-HSA-5693565
442	R-HSA-70263
443	R-HSA-8979227
444	R-HSA-5576892
445	R-HSA-8978934
446	R-HSA-2980766
447	R-HSA-429914
448	R-HSA-6791312
449	R-HSA-1433557
450	R-HSA-112399
451	R-HSA-3299685
452	R-HSA-1483166
453	R-HSA-1483191
454	R-HSA-5621480
455	R-HSA-72702
456	R-HSA-5387390
457	R-HSA-5578775
458	R-HSA-73772
459	R-HSA-5655253
460	R-HSA-174084
461	R-HSA-112382
462	R-HSA-193648
463	R-HSA-6811436
464	R-HSA-9012852
465	R-HSA-3214815
466	R-HSA-5674135
467	R-HSA-8935690
468	R-HSA-4551638
469	R-HSA-72649
470	R-HSA-5610783
471	R-HSA-5610785
472	R-HSA-187577
473	R-HSA-5610780
474	R-HSA-5654736
475	R-HSA-180786
476	R-HSA-5250924
477	R-HSA-418597
478	R-HSA-1221632
479	R-HSA-73929
480	R-HSA-8956320
481	R-HSA-3000171
482	R-HSA-432722
483	R-HSA-9639288
484	R-HSA-177929
485	R-HSA-8866654
486	R-HSA-109606
487	R-HSA-5362768
488	R-HSA-5676590
489	R-HSA-6794361
490	R-HSA-5339562
491	R-HSA-4085001
492	R-HSA-68827
493	R-HSA-69541
494	R-HSA-202433
495	R-HSA-3371571
496	R-HSA-373752
497	R-HSA-2514856
498	R-HSA-197264
499	R-HSA-72187
500	R-HSA-5655302
501	R-HSA-109704
502	R-HSA-912446
503	R-HSA-70895
504	R-HSA-2162123
505	R-HSA-6799198
506	R-HSA-4641258
507	R-HSA-8941858
508	R-HSA-4641257
509	R-HSA-9604323
510	R-HSA-73893
511	R-HSA-5693571
512	R-HSA-2122947
513	R-HSA-70268
514	R-HSA-532668
515	R-HSA-380108
516	R-HSA-2453902
517	R-HSA-450408
518	R-HSA-72165
519	R-HSA-180585
520	R-HSA-5620924
521	R-HSA-6781823
522	R-HSA-157858
523	R-HSA-9031628
524	R-HSA-209776
525	R-HSA-8854050
526	R-HSA-174113
527	R-HSA-5620920
528	R-HSA-6811440
529	R-HSA-6802955
530	R-HSA-76042
531	R-HSA-3928665
532	R-HSA-437239
533	R-HSA-140877
534	R-HSA-2173793
535	R-HSA-3560782
536	R-HSA-445355
537	R-HSA-2299718
538	R-HSA-156588
539	R-HSA-2046104
540	R-HSA-72695
541	R-HSA-169911
542	R-HSA-75815
543	R-HSA-349425
544	R-HSA-69601
545	R-HSA-69613
546	R-HSA-69610
547	R-HSA-6802949
548	R-HSA-6802946
549	R-HSA-9649948
550	R-HSA-75153
551	R-HSA-168274
552	R-HSA-606279
553	R-HSA-774815
554	R-HSA-8963899
555	R-HSA-2514859
556	R-HSA-180534
557	R-HSA-73776
558	R-HSA-3214858
559	R-HSA-1236978
560	R-HSA-1489509
561	R-HSA-76009
562	R-HSA-2172127
563	R-HSA-168333
564	R-HSA-5654741
565	R-HSA-5683826
566	R-HSA-1614558
567	R-HSA-77286
568	R-HSA-167162
569	R-HSA-167161
570	R-HSA-75953
571	R-HSA-167169
572	R-HSA-167246
573	R-HSA-8864260
574	R-HSA-6802948
575	R-HSA-432040
576	R-HSA-190828
577	R-HSA-1638074
578	R-HSA-8955332
579	R-HSA-2142691
580	R-HSA-9033658
581	R-HSA-156581
582	R-HSA-4570464
583	R-HSA-350562
584	R-HSA-3928662
585	R-HSA-5654743
586	R-HSA-73928
587	R-HSA-110329
588	R-HSA-9637690
589	R-HSA-75876
590	R-HSA-549132
591	R-HSA-1461973
592	R-HSA-73621
593	R-HSA-4615885
594	R-HSA-211733
595	R-HSA-73762
596	R-HSA-167152
597	R-HSA-75893
598	R-HSA-512988
599	R-HSA-379716
600	R-HSA-71403
601	R-HSA-442660
602	R-HSA-8854214
603	R-HSA-3214841
604	R-HSA-167200
605	R-HSA-165159
606	R-HSA-9615017
607	R-HSA-9609736
608	R-HSA-381676
609	R-HSA-977444
610	R-HSA-991365
611	R-HSA-1839126
612	R-HSA-196741
613	R-HSA-5625886
614	R-HSA-5423646
615	R-HSA-73817
616	R-HSA-6811438
617	R-HSA-73933
618	R-HSA-69236
619	R-HSA-69231
620	R-HSA-168271
621	R-HSA-110313
622	R-HSA-111996
623	R-HSA-1839124
624	R-HSA-427389
625	R-HSA-1227990
626	R-HSA-9660826
627	R-HSA-9664424
628	R-HSA-2022377
629	R-HSA-3000480
630	R-HSA-71240
631	R-HSA-390696
632	R-HSA-159234
633	R-HSA-73779
634	R-HSA-5696395
635	R-HSA-9646399
636	R-HSA-1251985
637	R-HSA-8853884
638	R-HSA-176033
639	R-HSA-3371568
640	R-HSA-451927
641	R-HSA-1643713
642	R-HSA-379726
643	R-HSA-400508
644	R-HSA-159231
645	R-HSA-1566948
646	R-HSA-74158
647	R-HSA-749476
648	R-HSA-8953750
649	R-HSA-6806003
650	R-HSA-5675221
651	R-HSA-177243
652	R-HSA-168276
653	R-HSA-9664565
654	R-HSA-975576
655	R-HSA-73927
656	R-HSA-189451
657	R-HSA-71336
658	R-HSA-8875878
659	R-HSA-6814122
660	R-HSA-202427
661	R-HSA-389948
662	R-HSA-392518
663	R-HSA-174417
664	R-HSA-452723
665	R-HSA-110331
666	R-HSA-427359
667	R-HSA-6785470
668	R-HSA-2046106
669	R-HSA-3899300
670	R-HSA-180910
671	R-HSA-5693579
672	R-HSA-3769402
673	R-HSA-8948216
674	R-HSA-165054
675	R-HSA-5218920
676	R-HSA-419037
677	R-HSA-212300
678	R-HSA-2024096
679	R-HSA-1296072
680	R-HSA-196757
681	R-HSA-5609975
682	R-HSA-74217
683	R-HSA-71064
684	R-HSA-112311
685	R-HSA-3232142
686	R-HSA-432720
687	R-HSA-6804757
688	R-HSA-69205
689	R-HSA-111997
690	R-HSA-111933
691	R-HSA-5689896
692	R-HSA-3371511
693	R-HSA-114604
694	R-HSA-8853659
695	R-HSA-8941326
696	R-HSA-8982491
697	R-HSA-933541
698	R-HSA-381771
699	R-HSA-193775
700	R-HSA-8963691
701	R-HSA-3301854
702	R-HSA-2559585
703	R-HSA-202430
704	R-HSA-8964043
705	R-HSA-187687
706	R-HSA-381042
707	R-HSA-5654687
708	R-HSA-1368108
709	R-HSA-6783310
710	R-HSA-110328
711	R-HSA-5654696
712	R-HSA-163560
713	R-HSA-9671555
714	R-HSA-3296482
715	R-HSA-5655332
716	R-HSA-8853338
717	R-HSA-1482839
718	R-HSA-180746
719	R-HSA-5696400
720	R-HSA-5663213
721	R-HSA-5693616
722	R-HSA-5173214
723	R-HSA-190861
724	R-HSA-5654727
725	R-HSA-901042
726	R-HSA-392154
727	R-HSA-202131
728	R-HSA-159230
729	R-HSA-390471
730	R-HSA-5696394
731	R-HSA-167287
732	R-HSA-167290
733	R-HSA-390522
734	R-HSA-168638
735	R-HSA-170822
736	R-HSA-163359
737	R-HSA-2022928
738	R-HSA-4090294
739	R-HSA-114508
740	R-HSA-8868766
741	R-HSA-1482788
742	R-HSA-5576893
743	R-HSA-1236382
744	R-HSA-5637815
745	R-HSA-8964539
746	R-HSA-1461957
747	R-HSA-4085377
748	R-HSA-159227
749	R-HSA-8939243
750	R-HSA-176187
751	R-HSA-5685938
752	R-HSA-9022692
753	R-HSA-167243
754	R-HSA-167238
755	R-HSA-6804758
756	R-HSA-4791275
757	R-HSA-354192
758	R-HSA-389356
759	R-HSA-397795
760	R-HSA-917977
761	R-HSA-9668328
762	R-HSA-2173796
763	R-HSA-5654726
764	R-HSA-399721
765	R-HSA-445989
766	R-HSA-5357905
767	R-HSA-442742
768	R-HSA-5083635
769	R-HSA-9619665
770	R-HSA-1855204
771	R-HSA-5365859
772	R-HSA-110330
773	R-HSA-3781860
774	R-HSA-9037629
775	R-HSA-549127
776	R-HSA-2408508
777	R-HSA-2129379
778	R-HSA-111465
779	R-HSA-69190
780	R-HSA-1980145
781	R-HSA-1538133
782	R-HSA-1296065
783	R-HSA-5668599
784	R-HSA-390247
785	R-HSA-186763
786	R-HSA-5673000
787	R-HSA-167158
788	R-HSA-113418
789	R-HSA-5694530
790	R-HSA-389958
791	R-HSA-399719
792	R-HSA-182971
793	R-HSA-5693537
794	R-HSA-162588
795	R-HSA-2022854
796	R-HSA-140875
797	R-HSA-189483
798	R-HSA-159418
799	R-HSA-203615
800	R-HSA-1474151
801	R-HSA-8963693
802	R-HSA-76046
803	R-HSA-5619107
804	R-HSA-936440
805	R-HSA-68962
806	R-HSA-380972
807	R-HSA-2173789
808	R-HSA-2424491
809	R-HSA-5626467
810	R-HSA-9013508
811	R-HSA-114452
812	R-HSA-9008059
813	R-HSA-8863795
814	R-HSA-5693568
815	R-HSA-1250196
816	R-HSA-5654716
817	R-HSA-5223345
818	R-HSA-5334118
819	R-HSA-888590
820	R-HSA-162710
821	R-HSA-2206281
822	R-HSA-418990
823	R-HSA-1592389
824	R-HSA-450282
825	R-HSA-9615710
826	R-HSA-456926
827	R-HSA-5656169
828	R-HSA-917729
829	R-HSA-72086
830	R-HSA-9006335
831	R-HSA-180024
832	R-HSA-5654733
833	R-HSA-418360
834	R-HSA-5654708
835	R-HSA-9665686
836	R-HSA-420092
837	R-HSA-199220
838	R-HSA-210745
839	R-HSA-9018683
840	R-HSA-451326
841	R-HSA-9619483
842	R-HSA-380994
843	R-HSA-5260271
844	R-HSA-5602358
845	R-HSA-5654732
846	R-HSA-8940973
847	R-HSA-5654700
848	R-HSA-73728
849	R-HSA-171306
850	R-HSA-193807
851	R-HSA-2393930
852	R-HSA-73614
853	R-HSA-2161522
854	R-HSA-8866652
855	R-HSA-73863
856	R-HSA-4641262
857	R-HSA-3928663
858	R-HSA-140837
859	R-HSA-9006115
860	R-HSA-6803204
861	R-HSA-425410
862	R-HSA-445095
863	R-HSA-5654699
864	R-HSA-622312
865	R-HSA-901032
866	R-HSA-1483213
867	R-HSA-83936
868	R-HSA-75109
869	R-HSA-8850843
870	R-HSA-9018679
871	R-HSA-9615933
872	R-HSA-8874081
873	R-HSA-9645723
874	R-HSA-110373
875	R-HSA-400042
876	R-HSA-5674400
877	R-HSA-2122948
878	R-HSA-525793
879	R-HSA-9022699
880	R-HSA-69273
881	R-HSA-5689901
882	R-HSA-210500
883	R-HSA-8934593
884	R-HSA-1660514
885	R-HSA-1855183
886	R-HSA-70635
887	R-HSA-9637687
888	R-HSA-2142789
889	R-HSA-2046105
890	R-HSA-8949613
891	R-HSA-3000157
892	R-HSA-9620244
893	R-HSA-3214842
894	R-HSA-1971475
895	R-HSA-997272
896	R-HSA-1296041
897	R-HSA-1296059
898	R-HSA-203927
899	R-HSA-5205647
900	R-HSA-5218921
901	R-HSA-5654693
902	R-HSA-1266695
903	R-HSA-5686938
904	R-HSA-1482801
905	R-HSA-1660516
906	R-HSA-204174
907	R-HSA-5654695
908	R-HSA-5601884
909	R-HSA-3296469
910	R-HSA-389887
911	R-HSA-9675143
912	R-HSA-2474795
913	R-HSA-2453864
914	R-HSA-1187000
915	R-HSA-389599
916	R-HSA-9025094
917	R-HSA-110314
918	R-HSA-5357956
919	R-HSA-6783589
920	R-HSA-8863678
921	R-HSA-8862803
922	R-HSA-400685
923	R-HSA-202040
924	R-HSA-389960
925	R-HSA-5621575
926	R-HSA-264876
927	R-HSA-5654688
928	R-HSA-5693554
929	R-HSA-8963889
930	R-HSA-8963898
931	R-HSA-201451
932	R-HSA-392170
933	R-HSA-3295583
934	R-HSA-420029
935	R-HSA-181430
936	R-HSA-5669034
937	R-HSA-70921
938	R-HSA-211999
939	R-HSA-164952
940	R-HSA-3000170
941	R-HSA-389957
942	R-HSA-9634638
943	R-HSA-167160
944	R-HSA-77075
945	R-HSA-933542
946	R-HSA-428930
947	R-HSA-392451
948	R-HSA-982772
949	R-HSA-418592
950	R-HSA-912526
951	R-HSA-1369062
952	R-HSA-8854691
953	R-HSA-9648895
954	R-HSA-8943723
955	R-HSA-2024101
956	R-HSA-211935
957	R-HSA-1855167
958	R-HSA-2033519
959	R-HSA-446210
960	R-HSA-9018682
961	R-HSA-9027604
962	R-HSA-444209
963	R-HSA-350054
964	R-HSA-76061
965	R-HSA-76071
966	R-HSA-75067
967	R-HSA-6803529
968	R-HSA-429947
969	R-HSA-2173788
970	R-HSA-9013507
971	R-HSA-112409
972	R-HSA-8964038
973	R-HSA-77387
974	R-HSA-212676
975	R-HSA-3238698
976	R-HSA-5654689
977	R-HSA-189200
978	R-HSA-5654712
979	R-HSA-438066
980	R-HSA-6804115
981	R-HSA-5213460
982	R-HSA-5218859
983	R-HSA-6803205
984	R-HSA-977068
985	R-HSA-200425
986	R-HSA-71384
987	R-HSA-418038
988	R-HSA-912694
989	R-HSA-74182
990	R-HSA-975578
991	R-HSA-879518
992	R-HSA-2161541
993	R-HSA-168799
994	R-HSA-5662702
995	R-HSA-76066
996	R-HSA-8949215
997	R-HSA-166208
998	R-HSA-167242
999	R-HSA-5696397
1000	R-HSA-5627123
1001	R-HSA-2995383
1002	R-HSA-2173795
1003	R-HSA-450302
1004	R-HSA-9617324
1005	R-HSA-442982
1006	R-HSA-9034015
1007	R-HSA-9617828
1008	R-HSA-9665348
1009	R-HSA-8876384
1010	R-HSA-5654719
1011	R-HSA-5637810
1012	R-HSA-5637812
1013	R-HSA-5654706
1014	R-HSA-171319
1015	R-HSA-174414
1016	R-HSA-175474
1017	R-HSA-211958
1018	R-HSA-400451
1019	R-HSA-2033514
1020	R-HSA-947581
1021	R-HSA-193048
1022	R-HSA-5652084
1023	R-HSA-8964208
1024	R-HSA-194002
1025	R-HSA-9018676
1026	R-HSA-209968
1027	R-HSA-210991
1028	R-HSA-198753
1029	R-HSA-69186
1030	R-HSA-9013695
1031	R-HSA-1839117
1032	R-HSA-167044
1033	R-HSA-389357
1034	R-HSA-450321
1035	R-HSA-111931
1036	R-HSA-5654704
1037	R-HSA-70221
1038	R-HSA-1482925
1039	R-HSA-174403
1040	R-HSA-422085
1041	R-HSA-264642
1042	R-HSA-3322077
1043	R-HSA-190241
1044	R-HSA-196836
1045	R-HSA-189085
1046	R-HSA-9636383
1047	R-HSA-373753
1048	R-HSA-445144
1049	R-HSA-179409
1050	R-HSA-1362277
1051	R-HSA-9609523
1052	R-HSA-389977
1053	R-HSA-389513
1054	R-HSA-1368082
1055	R-HSA-6807004
1056	R-HSA-5620916
1057	R-HSA-2022870
1058	R-HSA-5654720
1059	R-HSA-1362409
1060	R-HSA-162594
1061	R-HSA-9634285
1062	R-HSA-1482922
1063	R-HSA-211979
1064	R-HSA-5654221
1065	R-HSA-71288
1066	R-HSA-196108
1067	R-HSA-977347
1068	R-HSA-391903
1069	R-HSA-428643
1070	R-HSA-2142700
1071	R-HSA-8848584
1072	R-HSA-5620922
1073	R-HSA-416572
1074	R-HSA-2243919
1075	R-HSA-912631
1076	R-HSA-5627117
1077	R-HSA-937041
1078	R-HSA-881907
1079	R-HSA-8851708
1080	R-HSA-1834941
1081	R-HSA-110320
1082	R-HSA-392517
1083	R-HSA-429958
1084	R-HSA-449836
1085	R-HSA-5654710
1086	R-HSA-8964058
1087	R-HSA-2142688
1088	R-HSA-77111
1089	R-HSA-1237112
1090	R-HSA-446199
1091	R-HSA-156587
1092	R-HSA-159424
1093	R-HSA-192456
1094	R-HSA-9018896
1095	R-HSA-500753
1096	R-HSA-73980
1097	R-HSA-5651801
1098	R-HSA-174048
1099	R-HSA-156711
1100	R-HSA-5625900
1101	R-HSA-500657
1102	R-HSA-210993
1103	R-HSA-3928664
1104	R-HSA-392851
1105	R-HSA-163210
1106	R-HSA-418217
1107	R-HSA-9613829
1108	R-HSA-432142
1109	R-HSA-8849932
1110	R-HSA-2979096
1111	R-HSA-180292
1112	R-HSA-1912420
1113	R-HSA-4419969
1114	R-HSA-416993
1115	R-HSA-1606322
1116	R-HSA-190872
1117	R-HSA-9614657
1118	R-HSA-6804760
1119	R-HSA-5358508
1120	R-HSA-163615
1121	R-HSA-164378
1122	R-HSA-2142845
1123	R-HSA-181429
1124	R-HSA-844456
1125	R-HSA-1181150
1126	R-HSA-2564830
1127	R-HSA-1237044
1128	R-HSA-417957
1129	R-HSA-2142670
1130	R-HSA-9026395
1131	R-HSA-164938
1132	R-HSA-113510
1133	R-HSA-2028269
1134	R-HSA-174411
1135	R-HSA-73780
1136	R-HSA-190840
1137	R-HSA-3560801
1138	R-HSA-372708
1139	R-HSA-5205685
1140	R-HSA-1963642
1141	R-HSA-5210891
1142	R-HSA-5358565
1143	R-HSA-5358606
1144	R-HSA-2022857
1145	R-HSA-5654219
1146	R-HSA-3229121
1147	R-HSA-1660517
1148	R-HSA-139853
1149	R-HSA-4641263
1150	R-HSA-400511
1151	R-HSA-727802
1152	R-HSA-1614517
1153	R-HSA-2142770
1154	R-HSA-140179
1155	R-HSA-209905
1156	R-HSA-2408550
1157	R-HSA-9020265
1158	R-HSA-176407
1159	R-HSA-8964616
1160	R-HSA-6804114
1161	R-HSA-4420332
1162	R-HSA-3560783
1163	R-HSA-8866910
1164	R-HSA-1963640
1165	R-HSA-430039
1166	R-HSA-190242
1167	R-HSA-1250347
1168	R-HSA-5655862
1169	R-HSA-5675482
1170	R-HSA-3134975
1171	R-HSA-196791
1172	R-HSA-2892247
1173	R-HSA-5083632
1174	R-HSA-196783
1175	R-HSA-1483148
1176	R-HSA-432047
1177	R-HSA-6787639
1178	R-HSA-77288
1179	R-HSA-77346
1180	R-HSA-3000471
1181	R-HSA-6798163
1182	R-HSA-5661270
1183	R-HSA-964975
1184	R-HSA-9027307
1185	R-HSA-3232118
1186	R-HSA-141405
1187	R-HSA-141430
1188	R-HSA-9603798
1189	R-HSA-111471
1190	R-HSA-450604
1191	R-HSA-1362300
1192	R-HSA-388844
1193	R-HSA-5099900
1194	R-HSA-354194
1195	R-HSA-8849471
1196	R-HSA-936964
1197	R-HSA-6804116
1198	R-HSA-6803207
1199	R-HSA-210744
1200	R-HSA-140534
1201	R-HSA-5656121
1202	R-HSA-169893
1203	R-HSA-9673324
1204	R-HSA-9664420
1205	R-HSA-5635838
1206	R-HSA-5576886
1207	R-HSA-5083636
1208	R-HSA-5083625
1209	R-HSA-2142816
1210	R-HSA-2485179
1211	R-HSA-8963684
1212	R-HSA-70350
1213	R-HSA-6782861
1214	R-HSA-2187335
1215	R-HSA-71262
1216	R-HSA-209931
1217	R-HSA-168275
1218	R-HSA-168268
1219	R-HSA-77595
1220	R-HSA-176412
1221	R-HSA-446353
1222	R-HSA-450385
1223	R-HSA-450513
1224	R-HSA-416700
1225	R-HSA-8876725
1226	R-HSA-1810476
1227	R-HSA-69183
1228	R-HSA-399954
1229	R-HSA-111447
1230	R-HSA-196299
1231	R-HSA-8964315
1232	R-HSA-168927
1233	R-HSA-418885
1234	R-HSA-171007
1235	R-HSA-180336
1236	R-HSA-6785631
1237	R-HSA-193639
1238	R-HSA-1295596
1239	R-HSA-399955
1240	R-HSA-9027284
1241	R-HSA-9673767
1242	R-HSA-9673770
1243	R-HSA-975577
1244	R-HSA-3270619
1245	R-HSA-5655291
1246	R-HSA-8875360
1247	R-HSA-2173791
1248	R-HSA-937072
1249	R-HSA-110312
1250	R-HSA-196780
1251	R-HSA-419408
1252	R-HSA-5654228
1253	R-HSA-8948700
1254	R-HSA-5603041
1255	R-HSA-399997
1256	R-HSA-190239
1257	R-HSA-427601
1258	R-HSA-434316
1259	R-HSA-5676934
1260	R-HSA-211916
1261	R-HSA-8849175
1262	R-HSA-77352
1263	R-HSA-2142712
1264	R-HSA-8941413
1265	R-HSA-391160
1266	R-HSA-1433559
1267	R-HSA-6803211
1268	R-HSA-399956
1269	R-HSA-69166
1270	R-HSA-2032785
1271	R-HSA-418457
1272	R-HSA-5684264
1273	R-HSA-177504
1274	R-HSA-435354
1275	R-HSA-9634600
1276	R-HSA-1170546
1277	R-HSA-5607763
1278	R-HSA-975110
1279	R-HSA-8847993
1280	R-HSA-174495
1281	R-HSA-205043
1282	R-HSA-975163
1283	R-HSA-2160916
1284	R-HSA-1483115
1285	R-HSA-5654227
1286	R-HSA-73942
1287	R-HSA-8963896
1288	R-HSA-170670
1289	R-HSA-5602498
1290	R-HSA-190372
1291	R-HSA-6814848
1292	R-HSA-964739
1293	R-HSA-77350
1294	R-HSA-77348
1295	R-HSA-77310
1296	R-HSA-1482883
1297	R-HSA-1482798
1298	R-HSA-1855191
1299	R-HSA-804914
1300	R-HSA-166187
1301	R-HSA-9023661
1302	R-HSA-9018681
1303	R-HSA-9026766
1304	R-HSA-2559584
1305	R-HSA-8949664
1306	R-HSA-1059683
1307	R-HSA-162658
1308	R-HSA-6788467
1309	R-HSA-5676594
1310	R-HSA-918233
1311	R-HSA-6804759
1312	R-HSA-381033
1313	R-HSA-9029558
1314	R-HSA-8853334
1315	R-HSA-442720
1316	R-HSA-174490
1317	R-HSA-1475029
1318	R-HSA-389359
1319	R-HSA-8963901
1320	R-HSA-1663150
1321	R-HSA-170968
1322	R-HSA-6811555
1323	R-HSA-181431
1324	R-HSA-1839130
1325	R-HSA-190322
1326	R-HSA-622327
1327	R-HSA-8877330
1328	R-HSA-196843
1329	R-HSA-190375
1330	R-HSA-170660
1331	R-HSA-379401
1332	R-HSA-9033807
1333	R-HSA-1222449
1334	R-HSA-8941856
1335	R-HSA-75892
1336	R-HSA-4839743
1337	R-HSA-4655427
1338	R-HSA-5358751
1339	R-HSA-5358752
1340	R-HSA-5358747
1341	R-HSA-5358749
1342	R-HSA-2197563
1343	R-HSA-69091
1344	R-HSA-69109
1345	R-HSA-198323
1346	R-HSA-1679131
1347	R-HSA-9005895
1348	R-HSA-9005891
1349	R-HSA-9675151
1350	R-HSA-879415
1351	R-HSA-877312
1352	R-HSA-179812
1353	R-HSA-8851805
1354	R-HSA-2428933
1355	R-HSA-3656237
1356	R-HSA-3656253
1357	R-HSA-8951936
1358	R-HSA-4641265
1359	R-HSA-174437
1360	R-HSA-8984722
1361	R-HSA-209543
1362	R-HSA-1358803
1363	R-HSA-2691232
1364	R-HSA-2691230
1365	R-HSA-159854
1366	R-HSA-8983432
1367	R-HSA-5661231
1368	R-HSA-9028731
1369	R-HSA-9027276
1370	R-HSA-937039
1371	R-HSA-975144
1372	R-HSA-9617629
1373	R-HSA-1247673
1374	R-HSA-68952
1375	R-HSA-73943
1376	R-HSA-418890
1377	R-HSA-174430
1378	R-HSA-3000484
1379	R-HSA-177128
1380	R-HSA-193144
1381	R-HSA-5687613
1382	R-HSA-77305
1383	R-HSA-77285
1384	R-HSA-380615
1385	R-HSA-217271
1386	R-HSA-156582
1387	R-HSA-351200
1388	R-HSA-9640463
1389	R-HSA-9674428
1390	R-HSA-9026286
1391	R-HSA-2214320
1392	R-HSA-4839748
1393	R-HSA-4839735
1394	R-HSA-5339716
1395	R-HSA-111461
1396	R-HSA-68884
1397	R-HSA-1234158
1398	R-HSA-418359
1399	R-HSA-202670
1400	R-HSA-428540
1401	R-HSA-2514853
1402	R-HSA-1502540
1403	R-HSA-5685939
1404	R-HSA-381183
1405	R-HSA-9026519
1406	R-HSA-75035
1407	R-HSA-159740
1408	R-HSA-425561
1409	R-HSA-209560
1410	R-HSA-8983711
1411	R-HSA-162592
1412	R-HSA-110362
1413	R-HSA-166662
1414	R-HSA-9623433
1415	R-HSA-5358493
1416	R-HSA-1839122
1417	R-HSA-190373
1418	R-HSA-376172
1419	R-HSA-622323
1420	R-HSA-1250342
1421	R-HSA-3772470
1422	R-HSA-180689
1423	R-HSA-5693548
1424	R-HSA-70370
1425	R-HSA-6783984
1426	R-HSA-3000497
1427	R-HSA-75896
1428	R-HSA-168330
1429	R-HSA-4839744
1430	R-HSA-5467340
1431	R-HSA-5467348
1432	R-HSA-5467337
1433	R-HSA-75205
1434	R-HSA-210990
1435	R-HSA-9614399
1436	R-HSA-5357786
1437	R-HSA-8941332
1438	R-HSA-8963888
1439	R-HSA-9013973
1440	R-HSA-6787450
1441	R-HSA-9034864
1442	R-HSA-2025928
1443	R-HSA-9645460
1444	R-HSA-9662834
1445	R-HSA-416550
1446	R-HSA-451306
1447	R-HSA-112308
1448	R-HSA-9020558
1449	R-HSA-5218900
1450	R-HSA-9635465
1451	R-HSA-5638302
1452	R-HSA-5638303
1453	R-HSA-8876493
1454	R-HSA-425381
1455	R-HSA-5658623
1456	R-HSA-391908
1457	R-HSA-1483248
1458	R-HSA-71032
1459	R-HSA-1483226
1460	R-HSA-190377
1461	R-HSA-9664535
1462	R-HSA-5682910
1463	R-HSA-196819
1464	R-HSA-6807062
1465	R-HSA-6807047
1466	R-HSA-77108
1467	R-HSA-9652282
1468	R-HSA-210747
1469	R-HSA-6806664
1470	R-HSA-379397
1471	R-HSA-177135
1472	R-HSA-70688
1473	R-HSA-192905
1474	R-HSA-9026290
1475	R-HSA-140342
1476	R-HSA-113501
1477	R-HSA-5140745
1478	R-HSA-111458
1479	R-HSA-8934903
1480	R-HSA-9627069
1481	R-HSA-8875555
1482	R-HSA-933543
1483	R-HSA-110056
1484	R-HSA-2468052
1485	R-HSA-428359
1486	R-HSA-2586552
1487	R-HSA-111932
1488	R-HSA-3215018
1489	R-HSA-74749
1490	R-HSA-390450
1491	R-HSA-5689877
1492	R-HSA-2179392
1493	R-HSA-5578768
1494	R-HSA-2151209
1495	R-HSA-9664873
1496	R-HSA-9022702
1497	R-HSA-9014325
1498	R-HSA-2022923
1499	R-HSA-1236973
1500	R-HSA-451308
1501	R-HSA-9675135
1502	R-HSA-9020956
1503	R-HSA-198203
1504	R-HSA-164843
1505	R-HSA-209952
1506	R-HSA-174362
1507	R-HSA-629594
1508	R-HSA-1296346
1509	R-HSA-6799990
1510	R-HSA-561048
1511	R-HSA-9027277
1512	R-HSA-390666
1513	R-HSA-375281
1514	R-HSA-426048
1515	R-HSA-173107
1516	R-HSA-880009
1517	R-HSA-173599
1518	R-HSA-6803544
1519	R-HSA-141333
1520	R-HSA-211994
1521	R-HSA-141334
1522	R-HSA-380612
1523	R-HSA-1300642
1524	R-HSA-430116
1525	R-HSA-190873
1526	R-HSA-176974
1527	R-HSA-264870
1528	R-HSA-8866427
1529	R-HSA-5625970
1530	R-HSA-450520
1531	R-HSA-193692
1532	R-HSA-450341
1533	R-HSA-9013700
1534	R-HSA-2465910
1535	R-HSA-8866907
1536	R-HSA-112411
1537	R-HSA-9613354
1538	R-HSA-198693
1539	R-HSA-75072
1540	R-HSA-418889
1541	R-HSA-3323169
1542	R-HSA-201688
1543	R-HSA-428543
1544	R-HSA-8851680
1545	R-HSA-5649702
1546	R-HSA-9634635
1547	R-HSA-9619229
1548	R-HSA-428542
1549	R-HSA-9020958
1550	R-HSA-193697
1551	R-HSA-937042
1552	R-HSA-1433617
1553	R-HSA-2534343
1554	R-HSA-170984
1555	R-HSA-2855086
1556	R-HSA-433692
1557	R-HSA-5576890
1558	R-HSA-9665230
1559	R-HSA-204626
1560	R-HSA-8853383
1561	R-HSA-8963676
1562	R-HSA-916853
1563	R-HSA-5250968
1564	R-HSA-4755510
1565	R-HSA-196025
1566	R-HSA-351906
1567	R-HSA-446107
1568	R-HSA-8866904
1569	R-HSA-111453
1570	R-HSA-164940
1571	R-HSA-8875656
1572	R-HSA-8939246
1573	R-HSA-442380
1574	R-HSA-68689
1575	R-HSA-1462054
1576	R-HSA-442729
1577	R-HSA-9010642
1578	R-HSA-1253288
1579	R-HSA-425986
1580	R-HSA-163680
1581	R-HSA-3371378
1582	R-HSA-212718
1583	R-HSA-69416
1584	R-HSA-77588
1585	R-HSA-8985947
1586	R-HSA-444257
1587	R-HSA-8939242
1588	R-HSA-193634
1589	R-HSA-419812
1590	R-HSA-9012546
1591	R-HSA-444473
1592	R-HSA-9028335
1593	R-HSA-1169092
1594	R-HSA-8849469
1595	R-HSA-446205
1596	R-HSA-3785653
1597	R-HSA-9020933
1598	R-HSA-9032500
1599	R-HSA-112126
1600	R-HSA-629597
1601	R-HSA-9637628
1602	R-HSA-167827
1603	R-HSA-1614603
1604	R-HSA-5652227
1605	R-HSA-73843
1606	R-HSA-5250958
1607	R-HSA-110357
1608	R-HSA-2470946
1609	R-HSA-159782
1610	R-HSA-167590
1611	R-HSA-8931987
1612	R-HSA-5666185
1613	R-HSA-8951430
1614	R-HSA-447041
1615	R-HSA-139915
1616	R-HSA-8949275
1617	R-HSA-428890
1618	R-HSA-112412
1619	R-HSA-72731
1620	R-HSA-3371599
1621	R-HSA-2562578
1622	R-HSA-426117
1623	R-HSA-162791
1624	R-HSA-111367
1625	R-HSA-9022707
1626	R-HSA-8851907
1627	R-HSA-6793080
1628	R-HSA-4411364
1629	R-HSA-8948747
1630	R-HSA-72200
1631	R-HSA-8964046
1632	R-HSA-1912399
1633	R-HSA-3595177
1634	R-HSA-9032845
1635	R-HSA-5336415
1636	R-HSA-9603381
1637	R-HSA-418886
1638	R-HSA-203641
1639	R-HSA-2161517
1640	R-HSA-1296052
1641	R-HSA-9031528
1642	R-HSA-9632974
1643	R-HSA-114516
1644	R-HSA-2892245
1645	R-HSA-209822
1646	R-HSA-210455
1647	R-HSA-8849473
1648	R-HSA-8847453
1649	R-HSA-112313
1650	R-HSA-9031525
1651	R-HSA-190371
1652	R-HSA-1369007
1653	R-HSA-419771
1654	R-HSA-964827
1655	R-HSA-888593
1656	R-HSA-2395516
1657	R-HSA-187015
1658	R-HSA-163754
1659	R-HSA-379398
1660	R-HSA-9026762
1661	R-HSA-162589
1662	R-HSA-164516
1663	R-HSA-5619108
1664	R-HSA-426486
1665	R-HSA-3304351
1666	R-HSA-163765
1667	R-HSA-164944
1668	R-HSA-3656244
1669	R-HSA-3656243
1670	R-HSA-3656225
1671	R-HSA-113507
1672	R-HSA-199920
1673	R-HSA-2980767
1674	R-HSA-163767
1675	R-HSA-8951671
1676	R-HSA-6802953
1677	R-HSA-8869496
1678	R-HSA-6806942
1679	R-HSA-3595172
1680	R-HSA-3595174
1681	R-HSA-159763
1682	R-HSA-447043
1683	R-HSA-8866423
1684	R-HSA-8964011
1685	R-HSA-8964026
1686	R-HSA-8964572
1687	R-HSA-9645135
1688	R-HSA-9027283
1689	R-HSA-190370
1690	R-HSA-8874211
1691	R-HSA-8857538
1692	R-HSA-8939256
1693	R-HSA-629587
1694	R-HSA-427975
1695	R-HSA-433137
1696	R-HSA-434313
1697	R-HSA-177539
1698	R-HSA-5579026
1699	R-HSA-175567
1700	R-HSA-111995
1701	R-HSA-1483152
1702	R-HSA-350864
1703	R-HSA-3359469
1704	R-HSA-3359467
1705	R-HSA-480985
1706	R-HSA-1855231
1707	R-HSA-162585
1708	R-HSA-140180
1709	R-HSA-5263617
1710	R-HSA-391906
1711	R-HSA-5250981
1712	R-HSA-5250955
1713	R-HSA-111469
1714	R-HSA-8935964
1715	R-HSA-8941855
1716	R-HSA-166665
1717	R-HSA-446388
1718	R-HSA-194313
1719	R-HSA-195399
1720	R-HSA-9022537
1721	R-HSA-9033500
1722	R-HSA-448706
1723	R-HSA-8937144
1724	R-HSA-182218
1725	R-HSA-5603029
1726	R-HSA-9017802
1727	R-HSA-3304349
1728	R-HSA-75158
1729	R-HSA-2660825
1730	R-HSA-2660826
1731	R-HSA-5674499
1732	R-HSA-111459
1733	R-HSA-75094
1734	R-HSA-8852405
1735	R-HSA-427652
1736	R-HSA-3065676
1737	R-HSA-176417
1738	R-HSA-5576894
1739	R-HSA-9605308
1740	R-HSA-435368
1741	R-HSA-5660668
1742	R-HSA-8981373
1743	R-HSA-8985586
1744	R-HSA-8849470
1745	R-HSA-111957
1746	R-HSA-8964041
1747	R-HSA-187024
1748	R-HSA-5653890
1749	R-HSA-4341670
1750	R-HSA-5688890
1751	R-HSA-5688849
1752	R-HSA-389397
1753	R-HSA-5362798
1754	R-HSA-167826
1755	R-HSA-444821
1756	R-HSA-6791465
1757	R-HSA-187706
1758	R-HSA-109703
1759	R-HSA-165160
1760	R-HSA-193681
1761	R-HSA-1483101
1762	R-HSA-5632681
1763	R-HSA-164525
1764	R-HSA-351143
1765	R-HSA-5250992
1766	R-HSA-2466712
1767	R-HSA-420597
1768	R-HSA-3134963
1769	R-HSA-111463
1770	R-HSA-3065678
1771	R-HSA-111464
1772	R-HSA-174577
1773	R-HSA-3656534
1774	R-HSA-426496
1775	R-HSA-3304356
1776	R-HSA-5624138
1777	R-HSA-8939247
1778	R-HSA-3134973
1779	R-HSA-163358
1780	R-HSA-8939245
1781	R-HSA-74713
1782	R-HSA-1566977
1783	R-HSA-69478
1784	R-HSA-9673768
1785	R-HSA-68911
1786	R-HSA-9022535
1787	R-HSA-110381
1788	R-HSA-1606341
1789	R-HSA-8941284
1790	R-HSA-447038
1791	R-HSA-8849474
1792	R-HSA-399710
1793	R-HSA-8866376
1794	R-HSA-165158
1795	R-HSA-429593
1796	R-HSA-9032759
1797	R-HSA-8849468
1798	R-HSA-9636569
1799	R-HSA-203754
1800	R-HSA-5619070
1801	R-HSA-5250989
1802	R-HSA-162699
1803	R-HSA-168316
1804	R-HSA-5579028
1805	R-HSA-3248023
1806	R-HSA-5619062
1807	R-HSA-8849472
1808	R-HSA-389542
1809	R-HSA-9026403
1810	R-HSA-5250971
1811	R-HSA-69560
1812	R-HSA-69895
1813	R-HSA-3065679
1814	R-HSA-8952158
1815	R-HSA-8941333
1816	R-HSA-3656532
1817	R-HSA-173736
1818	R-HSA-140834
1819	R-HSA-68616
1820	R-HSA-8866911
1821	R-HSA-5660489
1822	R-HSA-193670
1823	R-HSA-9013957
1824	R-HSA-5083630
1825	R-HSA-1306955
1826	R-HSA-112307
1827	R-HSA-112303
1828	R-HSA-2142850
1829	R-HSA-5626978
1830	R-HSA-205025
1831	R-HSA-211163
1832	R-HSA-1251932
1833	R-HSA-2644607
1834	R-HSA-2644605
1835	R-HSA-111448
1836	R-HSA-9022927
1837	R-HSA-9026527
1838	R-HSA-165181
1839	R-HSA-69200
1840	R-HSA-8964540
1841	R-HSA-1296061
1842	R-HSA-1307965
1843	R-HSA-428559
1844	R-HSA-71737
1845	R-HSA-5679096
1846	R-HSA-5619113
1847	R-HSA-5619060
1848	R-HSA-5679090
1849	R-HSA-5339717
1850	R-HSA-5660883
1851	R-HSA-388479
1852	R-HSA-4687000
1853	R-HSA-2206285
1854	R-HSA-5578996
1855	R-HSA-888568
1856	R-HSA-2978092
1857	R-HSA-1300645
1858	R-HSA-390651
1859	R-HSA-9007892
1860	R-HSA-5250982
1861	R-HSA-5423599
1862	R-HSA-111457
1863	R-HSA-8875513
1864	R-HSA-8865999
1865	R-HSA-5603037
1866	R-HSA-5368598
1867	R-HSA-9022538
1868	R-HSA-417973
1869	R-HSA-9665249
1870	R-HSA-9665233
1871	R-HSA-9665251
1872	R-HSA-9665247
1873	R-HSA-9665244
1874	R-HSA-9665737
1875	R-HSA-9665250
1876	R-HSA-9665246
1877	R-HSA-9665245
1878	R-HSA-3249367
1879	R-HSA-75157
1880	R-HSA-8875791
1881	R-HSA-844455
1882	R-HSA-191650
1883	R-HSA-380095
1884	R-HSA-8866906
1885	R-HSA-8853336
1886	R-HSA-209563
1887	R-HSA-111446
1888	R-HSA-170145
1889	R-HSA-9673766
1890	R-HSA-139910
1891	R-HSA-8941237
1892	R-HSA-1296053
1893	R-HSA-9636249
1894	R-HSA-167060
1895	R-HSA-9034793
1896	R-HSA-844623
1897	R-HSA-5578999
1898	R-HSA-5660862
1899	R-HSA-4717374
1900	R-HSA-4719360
1901	R-HSA-392023
1902	R-HSA-4719377
1903	R-HSA-5682113
1904	R-HSA-8981607
1905	R-HSA-444411
1906	R-HSA-9674415
1907	R-HSA-167021
1908	R-HSA-2206302
1909	R-HSA-451307
1910	R-HSA-4085011
1911	R-HSA-9673163
1912	R-HSA-2206296
1913	R-HSA-5579013
1914	R-HSA-5679001
1915	R-HSA-5619095
1916	R-HSA-5579011
1917	R-HSA-5579006
1918	R-HSA-5579027
1919	R-HSA-5579012
1920	R-HSA-5579000
1921	R-HSA-198745
1922	R-HSA-5579030
1923	R-HSA-5579010
1924	R-HSA-187042
1925	R-HSA-390650
1926	R-HSA-9675132
1927	R-HSA-9630747
1928	R-HSA-75944
1929	R-HSA-8951911
1930	R-HSA-194306
1931	R-HSA-446343
1932	R-HSA-3656535
1933	R-HSA-75108
1934	R-HSA-5627083
1935	R-HSA-3642278
1936	R-HSA-8985801
1937	R-HSA-2473224
1938	R-HSA-3645790
1939	R-HSA-1299503
1940	R-HSA-5083629
1941	R-HSA-1299308
1942	R-HSA-1296067
1943	R-HSA-9649913
1944	R-HSA-5083633
1945	R-HSA-75064
1946	R-HSA-6804754
1947	R-HSA-211736
1948	R-HSA-9014843
1949	R-HSA-168277
1950	R-HSA-8854521
1951	R-HSA-75102
1952	R-HSA-5619049
1953	R-HSA-3828062
1954	R-HSA-4755609
1955	R-HSA-3814836
1956	R-HSA-5655799
1957	R-HSA-5658034
1958	R-HSA-5083627
1959	R-HSA-3878781
1960	R-HSA-5633231
1961	R-HSA-3359478
1962	R-HSA-5357609
1963	R-HSA-180897
1964	R-HSA-844615
1965	R-HSA-9037628
1966	R-HSA-4793950
1967	R-HSA-9026357
1968	R-HSA-9024909
1969	R-HSA-3656234
1970	R-HSA-3656248
1971	R-HSA-2206292
1972	R-HSA-9025046
1973	R-HSA-9034013
1974	R-HSA-4720454
1975	R-HSA-2206282
1976	R-HSA-5579016
1977	R-HSA-3560796
1978	R-HSA-2206308
1979	R-HSA-9035968
1980	R-HSA-5662853
1981	R-HSA-5683371
1982	R-HSA-5619077
1983	R-HSA-68881
1984	R-HSA-5684045
1985	R-HSA-5619036
1986	R-HSA-3858516
1987	R-HSA-5682294
1988	R-HSA-5683329
1989	R-HSA-5678771
1990	R-HSA-5619089
1991	R-HSA-5578997
1992	R-HSA-5578998
1993	R-HSA-5624958
1994	R-HSA-352238
1995	R-HSA-5632928
1996	R-HSA-163282
1997	R-HSA-9630750
1998	R-HSA-9632693
1999	R-HSA-3315487
2000	R-HSA-3311021
2001	R-HSA-9630794
2002	R-HSA-5602636
2003	R-HSA-5603027
2004	R-HSA-3304347
2005	R-HSA-9632700
2006	R-HSA-5339700
2007	R-HSA-5602571
2008	R-HSA-190704
2009	R-HSA-164939
2010	R-HSA-205017
2011	R-HSA-168315
2012	R-HSA-9636667
2013	R-HSA-166020
2014	R-HSA-190827
2015	R-HSA-73930
2016	R-HSA-176034
2017	R-HSA-432030
2018	R-HSA-5083628
2019	R-HSA-8942233
2020	R-HSA-3359485
2021	R-HSA-3359473
2022	R-HSA-3359475
2023	R-HSA-9603505
2024	R-HSA-1483196
2025	R-HSA-2033515
2026	R-HSA-4724325
2027	R-HSA-5619050
2028	R-HSA-2206305
2029	R-HSA-5609974
2030	R-HSA-5619039
2031	R-HSA-5619083
2032	R-HSA-4755583
2033	R-HSA-5657562
2034	R-HSA-5658208
2035	R-HSA-3229133
2036	R-HSA-5619048
2037	R-HSA-5619109
2038	R-HSA-4549380
2039	R-HSA-5619081
2040	R-HSA-4755579
2041	R-HSA-5619111
2042	R-HSA-5609978
2043	R-HSA-5619035
2044	R-HSA-6791462
2045	R-HSA-5619054
2046	R-HSA-5578995
2047	R-HSA-3274531
2048	R-HSA-5609976
2049	R-HSA-3560792
2050	R-HSA-2206290
2051	R-HSA-4793953
2052	R-HSA-5579022
2053	R-HSA-4549356
2054	R-HSA-4551295
2055	R-HSA-5609977
2056	R-HSA-3359471
2057	R-HSA-4724289
2058	R-HSA-5619099
2059	R-HSA-5674404
2060	R-HSA-4549349
2061	R-HSA-4720489
2062	R-HSA-4793952
2063	R-HSA-5660724
2064	R-HSA-6791055
2065	R-HSA-4085023
2066	R-HSA-5619056
2067	R-HSA-114294
2068	R-HSA-77042
2069	R-HSA-111452
2070	R-HSA-211728
2071	R-HSA-3642279
2072	R-HSA-5632987
2073	R-HSA-5632968
2074	R-HSA-5632927
2075	R-HSA-5602566
2076	R-HSA-9630791
2077	R-HSA-9632697
2078	R-HSA-9022534
2079	R-HSA-5545483
2080	R-HSA-5602415
2081	R-HSA-9645722
2082	R-HSA-5657655
2083	R-HSA-3371598
2084	R-HSA-8877627
2085	R-HSA-4043911
2086	R-HSA-5619061
2087	R-HSA-6791461
2088	R-HSA-5619078
2089	R-HSA-4793954
2090	R-HSA-9036092
2091	R-HSA-3359454
2092	R-HSA-9636467
2093	R-HSA-6809583
2094	R-HSA-3359458
2095	R-HSA-4570571
2096	R-HSA-5619043
2097	R-HSA-5657560
2098	R-HSA-9674404
2099	R-HSA-5579031
2100	R-HSA-9674401
2101	R-HSA-5659996
2102	R-HSA-5619046
2103	R-HSA-4043916
2104	R-HSA-9674396
2105	R-HSA-5579032
2106	R-HSA-9674403
2107	R-HSA-169131
2108	R-HSA-9616333
2109	R-HSA-9630222
2110	R-HSA-9630221
2111	R-HSA-9646304
2112	R-HSA-9646303
2113	R-HSA-5602410
2114	R-HSA-5687868
2115	R-HSA-5221030
2116	R-HSA-1839120
2117	R-HSA-177162
2118	R-HSA-2142696
2119	R-HSA-5340588
2120	R-HSA-9025106
2121	R-HSA-5635851
2122	R-HSA-190374
2123	R-HSA-2206280
2124	R-HSA-9014826
2125	R-HSA-2408552
2126	R-HSA-1368071
2127	R-HSA-3359474
2128	R-HSA-5579007
2129	R-HSA-198765
2130	R-HSA-2206307
2131	R-HSA-5619066
2132	R-HSA-5545619
2133	R-HSA-5619092
2134	R-HSA-3282872
2135	R-HSA-5619052
2136	R-HSA-9656249
2137	R-HSA-9656256
2138	R-HSA-5340573
2139	R-HSA-5619068
2140	R-HSA-5619058
2141	R-HSA-373756
2142	R-HSA-9616334
2143	R-HSA-9656255
2144	R-HSA-5467333
2145	R-HSA-5467345
2146	R-HSA-112122
2147	R-HSA-5619063
2148	R-HSA-5678520
2149	R-HSA-427589
2150	R-HSA-1296025
2151	R-HSA-5579024
2152	R-HSA-5579019
2153	R-HSA-5688399
2154	R-HSA-5683678
2155	R-HSA-1483076
2156	R-HSA-5579002
2157	R-HSA-171286
2158	R-HSA-5602680
2159	R-HSA-5619053
2160	R-HSA-5619045
2161	R-HSA-4720475
2162	R-HSA-5687583
2163	R-HSA-9635644
2164	R-HSA-5619073
2165	R-HSA-193993
2166	R-HSA-2023837
2167	R-HSA-5619067
2168	R-HSA-390648
2169	R-HSA-5579005
2170	R-HSA-2206291
2171	R-HSA-5619072
2172	R-HSA-975574
2173	R-HSA-5678420
2174	R-HSA-8853333
2175	R-HSA-1299361
2176	R-HSA-5619042
2177	R-HSA-5619094
2178	R-HSA-5579014
2179	R-HSA-5579004
2180	R-HSA-5656364
2181	R-HSA-5579020
2182	R-HSA-5663020
2183	R-HSA-5619037
2184	R-HSA-9605310
2185	R-HSA-9608290
2186	R-HSA-5619088
2187	R-HSA-9608287
2188	R-HSA-5688031
2189	R-HSA-5659898
2190	R-HSA-3296197
2191	R-HSA-5619047
2192	R-HSA-5690338
2193	R-HSA-5683177
2194	R-HSA-5467343
2195	R-HSA-5688354
2196	R-HSA-210746
2197	R-HSA-5619114
2198	R-HSA-5658471
2199	R-HSA-5660686
2200	R-HSA-5619101
2201	R-HSA-5619087
2202	R-HSA-5619097
2203	R-HSA-5619110
2204	R-HSA-1299344
2205	R-HSA-163316
2206	R-HSA-5659735
2207	R-HSA-5619044
2208	R-HSA-2160456
2209	R-HSA-3359462
2210	R-HSA-3359463
2211	R-HSA-1839128
2212	R-HSA-5619041
2213	R-HSA-5619104
2214	R-HSA-5619098
2215	R-HSA-5619040
2216	R-HSA-5619071
2217	R-HSA-5619085
